date_issue,issue_starting_row,issue_ending_row
1992-01-04,0,57
1992-01-11,57,184
1992-02-15,184,242
1992-02-22,242,308
1992-02-29,308,369
1992-03-07,369,426
1992-03-14,426,499
1992-03-21,499,514
1992-03-28,514,575
1992-04-04,575,645
1992-04-11,645,709
1992-04-18,709,771
1992-04-25,771,840
1992-05-02,840,908
1992-05-09,908,967
1992-05-16,967,1033
1992-05-23,1033,1109
1992-05-30,1109,1179
1992-06-06,1179,1298
1992-06-20,1298,1434
1992-07-04,1434,1490
1992-07-11,1490,1562
1992-07-18,1562,1633
1992-07-25,1633,1713
1992-08-01,1713,1767
1992-08-08,1767,1824
1992-08-22,1824,1886
1992-08-29,1886,1950
1992-09-05,1950,2019
1992-09-12,2019,2086
1992-09-19,2086,2159
1992-09-26,2159,2223
1992-10-03,2223,2287
1992-10-10,2287,2436
1992-10-24,2436,2508
1992-10-31,2508,2567
1992-11-07,2567,2629
1992-11-14,2629,2695
1992-11-21,2695,2765
1992-11-28,2765,2901
1992-12-12,2901,2962
1992-12-19,2962,3094
1993-01-09,3094,3246
1993-01-23,3246,3332
1993-01-30,3332,3423
1993-02-06,3423,3606
1993-02-20,3606,3704
1993-02-27,3704,3804
1993-03-06,3804,3890
1993-03-13,3890,3990
1993-03-20,3990,4089
1993-03-27,4089,4189
1993-04-03,4189,4267
1993-04-10,4267,4357
1993-04-17,4357,4522
1993-04-24,4522,4604
1993-05-01,4604,4682
1993-05-15,4682,4760
1993-05-22,4760,4848
1993-05-29,4848,5012
1993-06-12,5012,5096
1993-06-19,5096,5182
1993-06-26,5182,5273
1993-07-03,5273,5360
1993-07-10,5360,5518
1993-07-24,5518,5688
1993-08-07,5688,5844
1993-08-21,5844,5924
1993-08-28,5924,6005
1993-09-04,6005,6083
1993-09-11,6083,6171
1993-09-18,6171,6252
1993-09-25,6252,6337
1993-10-02,6337,6403
1993-10-09,6403,6496
1993-10-16,6496,6660
1993-10-23,6660,6748
1993-10-30,6748,6825
1993-11-06,6825,6916
1993-11-13,6916,7000
1993-11-27,7000,7098
1993-12-04,7098,7276
1993-12-18,7276,7357
1993-12-25,7357,7446
1994-01-08,7446,7533
1994-01-15,7533,7620
1994-01-22,7620,7718
1994-01-29,7718,7903
1994-02-05,7903,8000
1994-02-19,8000,8086
1994-02-26,8086,8270
1994-03-12,8270,8363
1994-03-19,8363,8555
1994-04-02,8555,8641
1994-04-09,8641,8731
1994-04-16,8731,8825
1994-04-23,8825,8925
1994-04-30,8925,9024
1994-05-07,9024,9116
1994-05-21,9116,9207
1994-06-04,9207,9294
1994-06-11,9294,9380
1994-06-18,9380,9450
1994-06-25,9450,9543
1994-07-02,9543,9637
1994-07-09,9637,9729
1994-07-16,9729,9811
1994-07-23,9811,9903
1994-07-30,9903,9978
1994-08-06,9978,10076
1994-08-13,10076,10239
1994-08-27,10239,10319
1994-09-03,10319,10415
1994-09-10,10415,10493
1994-09-17,10493,10674
1994-10-01,10674,10768
1994-10-08,10768,10850
1994-10-15,10850,10939
1994-10-22,10939,11029
1994-10-29,11029,11122
1994-11-05,11122,11211
1994-11-12,11211,11391
1994-11-26,11391,11580
1994-12-10,11580,11675
1994-12-17,11675,11761
1994-12-24,11761,11841
1995-01-07,11841,11919
1995-01-14,11919,12018
1995-01-21,12018,12117
1995-01-28,12117,12210
1995-02-04,12210,12306
1995-02-11,12306,12391
1995-02-18,12391,12482
1995-02-25,12482,12578
1995-03-04,12578,12678
1995-03-11,12678,12769
1995-03-18,12769,12869
1995-03-25,12869,12956
1995-04-01,12956,13036
1995-04-08,13036,13134
1995-04-15,13134,13232
1995-04-22,13232,13418
1995-05-06,13418,13506
1995-05-13,13506,13594
1995-05-20,13594,13691
1995-05-27,13691,13779
1995-06-03,13779,13872
1995-06-10,13872,13960
1995-06-17,13960,14044
1995-06-24,14044,14131
1995-07-01,14131,14227
1995-07-08,14227,14320
1995-07-15,14320,14406
1995-07-22,14406,14580
1995-08-05,14580,14662
1995-08-12,14662,14755
1995-08-19,14755,14846
1995-09-02,14846,14946
1995-09-09,14946,15045
1995-09-16,15045,15145
1995-09-23,15145,15232
1995-09-30,15232,15328
1995-10-07,15328,15426
1995-10-14,15426,15428
1995-10-28,15428,15519
1995-11-04,15519,15604
1995-11-11,15604,15704
1995-11-18,15704,15799
1995-11-25,15799,15892
1995-12-02,15892,15977
1995-12-09,15977,16068
1995-12-16,16068,16163
1995-12-23,16163,16240
1996-01-06,16240,16320
1996-01-13,16320,16401
1996-01-20,16401,16486
1996-01-27,16486,16576
1996-02-03,16576,16663
1996-02-10,16663,16750
1996-02-17,16750,16849
1996-02-24,16849,16937
1996-03-02,16937,17019
1996-03-09,17019,17101
1996-03-16,17101,17194
1996-03-23,17194,17274
1996-03-30,17274,17347
1996-04-06,17347,17435
1996-04-13,17435,17511
1996-04-20,17511,17604
1996-04-27,17604,17691
1996-05-04,17691,17773
1996-05-11,17773,17858
1996-05-18,17858,17953
1996-05-25,17953,18046
1996-06-01,18046,18131
1996-06-08,18131,18223
1996-06-15,18223,18318
1996-06-22,18318,18484
1996-06-29,18484,18567
1996-07-06,18567,18653
1996-07-20,18653,18750
1996-07-27,18750,18826
1996-08-03,18826,18903
1996-08-10,18903,18983
1996-08-17,18983,19135
1996-08-31,19135,19201
1996-09-07,19201,19288
1996-09-14,19288,19388
1996-09-21,19388,19481
1996-09-28,19481,19656
1996-10-12,19656,19748
1996-10-19,19748,19843
1996-10-26,19843,19928
1996-11-02,19928,20001
1996-11-09,20001,20091
1996-11-16,20091,20190
1996-11-23,20190,20367
1996-12-07,20367,20463
1996-12-14,20463,20542
1996-12-21,20542,20629
1997-01-04,20629,20700
1997-01-11,20700,20771
1997-01-18,20771,20865
1997-01-25,20865,20945
1997-02-01,20945,21031
1997-02-08,21031,21085
1997-02-15,21085,21185
1997-02-22,21185,21264
1997-03-01,21264,21436
1997-03-15,21436,21536
1997-03-22,21536,21624
1997-03-29,21624,21713
1997-04-05,21713,21794
1997-04-12,21794,21889
1997-04-19,21889,21981
1997-04-26,21981,22144
1997-05-10,22144,22232
1997-05-17,22232,22410
1997-05-31,22410,22563
1997-06-14,22563,22651
1997-06-21,22651,22743
1997-06-28,22743,22835
1997-07-05,22835,22899
1997-07-12,22899,22982
1997-07-19,22982,23082
1997-07-26,23082,23174
1997-08-02,23174,23241
1997-08-09,23241,23314
1997-08-16,23314,23388
1997-08-23,23388,23465
1997-08-30,23465,23530
1997-09-06,23530,23619
1997-09-13,23619,23700
1997-09-20,23700,23790
1997-09-27,23790,23864
1997-10-04,23864,23939
1997-10-11,23939,24020
1997-10-18,24020,24114
1997-10-25,24114,24196
1997-11-08,24196,24282
1997-11-15,24282,24369
1997-11-22,24369,24449
1997-11-29,24449,24521
1997-12-06,24521,24601
1997-12-13,24601,24690
1998-01-03,24690,24743
1998-01-10,24743,24821
1998-01-17,24821,24896
1998-01-24,24896,24969
1998-01-31,24969,25040
1998-02-07,25040,25122
1998-02-14,25122,25215
1998-02-21,25215,25293
1998-02-28,25293,25368
1998-03-07,25368,25454
1998-03-14,25454,25548
1998-03-21,25548,25695
1998-03-28,25695,25770
1998-04-11,25770,25848
1998-04-18,25848,25933
1998-04-25,25933,26013
1998-05-02,26013,26084
1998-05-09,26084,26165
1998-05-16,26165,26252
1998-05-23,26252,26334
1998-05-30,26334,26402
1998-06-06,26402,26485
1998-06-13,26485,26659
1998-06-27,26659,26731
1998-07-04,26731,26892
1998-07-18,26892,27039
1998-08-01,27039,27117
1998-08-08,27117,27182
1998-08-15,27182,27322
1998-08-29,27322,27391
1998-09-05,27391,27457
1998-09-12,27457,27548
1998-09-19,27548,27630
1998-09-26,27630,27698
1998-10-03,27698,27785
1998-10-10,27785,27860
1998-10-17,27860,27950
1998-10-24,27950,28026
1998-10-31,28026,28102
1998-11-07,28102,28180
1998-11-14,28180,28272
1998-11-21,28272,28355
1998-11-28,28355,28427
1998-12-05,28427,28507
1998-12-12,28507,28594
1999-01-09,28594,28668
1999-01-16,28668,28737
1999-01-23,28737,28818
1999-01-30,28818,28900
1999-02-06,28900,28984
1999-02-13,28984,29082
1999-02-20,29082,29158
1999-02-27,29158,29229
1999-03-06,29229,29393
1999-03-20,29393,29480
1999-03-27,29480,29562
1999-04-03,29562,29637
1999-04-10,29637,29725
1999-04-17,29725,29805
1999-04-24,29805,29887
1999-05-01,29887,29959
1999-05-08,29959,30037
1999-05-15,30037,30129
1999-05-22,30129,30215
1999-05-29,30215,30290
1999-06-05,30290,30363
1999-06-12,30363,30434
1999-06-19,30434,30515
1999-06-26,30515,30601
1999-07-03,30601,30667
1999-07-10,30667,30745
1999-07-17,30745,30833
1999-07-24,30833,30904
1999-07-31,30904,30983
1999-08-07,30983,31053
1999-08-14,31053,31113
1999-08-21,31113,31178
1999-08-28,31178,31244
1999-09-04,31244,31323
1999-09-11,31323,31407
1999-09-18,31407,31502
1999-09-25,31502,31586
1999-10-02,31586,31667
1999-10-09,31667,31865
1999-10-23,31865,31956
1999-10-30,31956,32034
1999-11-06,32034,32125
1999-11-13,32125,32210
1999-11-20,32210,32296
1999-11-27,32296,32381
1999-12-04,32381,32480
1999-12-11,32480,32559
1999-12-18,32559,32737
1999-12-31,32737,32799
2000-01-15,32799,32954
2000-01-22,32954,33030
2000-02-05,33030,33104
2000-02-12,33104,33190
2000-02-19,33190,33287
2000-02-26,33287,33365
2000-03-04,33365,33446
2000-03-11,33446,33516
2000-03-18,33516,33607
2000-03-25,33607,33691
2000-04-01,33691,33855
2000-04-08,33855,33955
2000-04-15,33955,34037
2000-04-29,34037,34123
2000-05-06,34123,34217
2000-05-13,34217,34417
2000-05-27,34417,34500
2000-06-03,34500,34582
2000-06-10,34582,34666
2000-06-17,34666,34766
2000-06-24,34766,34937
2000-07-08,34937,35025
2000-07-15,35025,35117
2000-07-22,35117,35203
2000-07-29,35203,35283
2000-08-05,35283,35367
2000-08-12,35367,35451
2000-08-19,35451,35528
2000-08-26,35528,35608
2000-09-02,35608,35692
2000-09-09,35692,35785
2000-09-16,35785,35870
2000-09-23,35870,35965
2000-09-30,35965,36065
2000-10-07,36065,36165
2000-10-14,36165,36250
2000-10-21,36250,36337
2000-10-28,36337,36433
2000-11-04,36433,36623
2000-11-18,36623,36712
2000-11-25,36712,36810
2000-12-02,36810,36903
2000-12-09,36903,37003
2000-12-16,37003,37093
2001-01-06,37093,37172
2001-01-13,37172,37260
2001-01-20,37260,37347
2001-01-27,37347,37444
2001-02-03,37444,37537
2001-02-10,37537,37636
2001-02-17,37636,37727
2001-02-24,37727,37827
2001-03-03,37827,37919
2001-03-10,37919,38019
2001-03-17,38019,38112
2001-03-24,38112,38212
2001-03-31,38212,38310
2001-04-07,38310,38410
2001-04-14,38410,38510
2001-04-21,38510,38609
2001-04-28,38609,38701
2001-05-05,38701,38801
2001-05-12,38801,38901
2001-05-19,38901,38992
2001-05-26,38992,39078
2001-06-02,39078,39176
2001-06-09,39176,39258
2001-06-16,39258,39357
2001-06-23,39357,39457
2001-06-30,39457,39637
2001-07-14,39637,39720
2001-07-21,39720,39792
2001-07-28,39792,39886
2001-08-04,39886,39951
2001-08-11,39951,40024
2001-08-18,40024,40094
2001-08-25,40094,40164
2001-09-01,40164,40242
2001-09-08,40242,40322
2001-09-15,40322,40397
2001-09-22,40397,40442
2001-09-29,40442,40493
2001-10-06,40493,40536
2001-10-13,40536,40596
2001-10-20,40596,40645
2001-10-27,40645,40731
2001-11-03,40731,40808
2001-11-10,40808,40896
2001-11-17,40896,40975
2001-11-24,40975,41050
2001-12-01,41050,41120
2001-12-08,41120,41244
2001-12-22,41244,41304
2002-01-05,41304,41362
2002-01-12,41362,41431
2002-01-19,41431,41498
2002-01-26,41498,41566
2002-02-02,41566,41643
2002-02-09,41643,41713
2002-02-16,41713,41795
2002-02-23,41795,41865
2002-03-02,41865,41948
2002-03-09,41948,42031
2002-03-16,42031,42108
2002-03-23,42108,42190
2002-03-30,42190,42264
2002-04-06,42264,42344
2002-04-13,42344,42426
2002-04-20,42426,42515
2002-04-27,42515,42561
2002-05-04,42561,42638
2002-05-11,42638,42710
2002-05-18,42710,42795
2002-05-25,42795,42862
2002-06-01,42862,42947
2002-06-08,42947,43018
2002-06-15,43018,43102
2002-06-22,43102,43179
2002-06-29,43179,43266
2002-07-06,43266,43347
2002-07-13,43347,43520
2002-07-27,43520,43600
2002-08-03,43600,43681
2002-08-10,43681,43761
2002-08-17,43761,43840
2002-08-24,43840,43913
2002-08-31,43913,43981
2002-09-07,43981,44057
2002-09-14,44057,44250
2002-09-28,44250,44440
2002-10-12,44440,44528
2002-10-19,44528,44613
2002-10-26,44613,44795
2002-11-09,44795,44874
2002-11-16,44874,44974
2002-11-23,44974,45061
2002-11-30,45061,45153
2002-12-07,45153,45342
2002-12-14,45342,45429
2003-01-04,45429,45503
2003-01-11,45503,45587
2003-01-18,45587,45680
2003-01-25,45680,45780
2003-02-01,45780,45870
2003-02-08,45870,45965
2003-02-15,45965,46053
2003-02-22,46053,46144
2003-03-01,46144,46231
2003-03-08,46231,46314
2003-03-15,46314,46414
2003-03-22,46414,46509
2003-03-29,46509,46607
2003-04-05,46607,46703
2003-04-12,46703,46789
2003-04-19,46789,46888
2003-04-26,46888,46970
2003-05-03,46970,47068
2003-05-10,47068,47163
2003-05-17,47163,47257
2003-05-24,47257,47352
2003-05-31,47352,47448
2003-06-07,47448,47537
2003-06-14,47537,47633
2003-06-21,47633,47733
2003-06-28,47733,47830
2003-07-05,47830,47924
2003-07-12,47924,48112
2003-07-26,48112,48204
2003-08-02,48204,48276
2003-08-09,48276,48352
2003-08-16,48352,48418
2003-08-23,48418,48498
2003-08-30,48498,48581
2003-09-06,48581,48681
2003-09-13,48681,48772
2003-09-20,48772,48859
2003-09-27,48859,48911
2003-10-04,48911,49003
2003-10-11,49003,49093
2003-10-18,49093,49154
2003-10-25,49154,49237
2003-11-01,49237,49317
2003-11-08,49317,49408
2003-11-15,49408,49577
2003-11-29,49577,49666
2003-12-06,49666,49748
2003-12-13,49748,49832
2003-12-20,49832,49924
2004-01-03,49924,49987
2004-01-10,49987,50072
2004-01-17,50072,50172
2004-01-24,50172,50269
2004-01-31,50269,50358
2004-02-07,50358,50435
2004-02-14,50435,50532
2004-02-21,50532,50617
2004-02-28,50617,50704
2004-03-06,50704,50804
2004-03-13,50804,50904
2004-03-20,50904,51001
2004-03-27,51001,51093
2004-04-03,51093,51185
2004-04-10,51185,51270
2004-04-17,51270,51453
2004-05-01,51453,51536
2004-05-08,51536,51622
2004-05-15,51622,51703
2004-05-22,51703,51867
2004-05-29,51867,51953
2004-06-12,51953,52041
2004-06-19,52041,52199
2004-07-03,52199,52281
2004-07-10,52281,52365
2004-07-17,52365,52461
2004-07-24,52461,52545
2004-07-31,52545,52627
2004-08-07,52627,52711
2004-08-14,52711,52797
2004-08-21,52797,52879
2004-08-28,52879,52964
2004-09-04,52964,53053
2004-09-11,53053,53114
2004-09-18,53114,53178
2004-09-25,53178,53245
2004-10-02,53245,53307
2004-10-09,53307,53407
2004-10-16,53407,53503
2004-10-23,53503,53591
2004-10-30,53591,53780
2004-11-13,53780,53965
2004-11-20,53965,54054
2004-12-04,54054,54154
2004-12-11,54154,54242
2004-12-18,54242,54376
2005-01-08,54376,54534
2005-01-22,54534,54621
2005-01-29,54621,54697
2005-02-05,54697,54772
2005-02-12,54772,54857
2005-02-19,54857,54946
2005-02-26,54946,55038
2005-03-05,55038,55133
2005-03-12,55133,55233
2005-03-19,55233,55330
2005-03-26,55330,55420
2005-04-02,55420,55510
2005-04-09,55510,55609
2005-04-16,55609,55700
2005-04-23,55700,55782
2005-04-30,55782,55877
2005-05-07,55877,55965
2005-05-14,55965,56045
2005-05-21,56045,56137
2005-05-28,56137,56221
2005-06-04,56221,56303
2005-06-11,56303,56403
2005-06-18,56403,56495
2005-06-25,56495,56677
2005-07-02,56677,56766
2005-07-09,56766,56866
2005-07-16,56866,56954
2005-07-30,56954,57036
2005-08-06,57036,57121
2005-08-13,57121,57204
2005-08-20,57204,57288
2005-08-27,57288,57368
2005-09-03,57368,57447
2005-09-10,57447,57536
2005-09-17,57536,57636
2005-09-24,57636,57733
2005-10-01,57733,57817
2005-10-08,57817,57912
2005-10-15,57912,57996
2005-10-22,57996,58087
2005-10-29,58087,58173
2005-11-05,58173,58268
2005-11-12,58268,58361
2005-11-19,58361,58448
2005-11-26,58448,58543
2005-12-03,58543,58633
2005-12-10,58633,58729
2005-12-17,58729,58815
2005-12-24,58815,58903
2006-01-07,58903,58992
2006-01-14,58992,59077
2006-01-21,59077,59172
2006-01-28,59172,59261
2006-02-04,59261,59344
2006-02-11,59344,59437
2006-02-18,59437,59523
2006-02-25,59523,59618
2006-03-04,59618,59703
2006-03-11,59703,59895
2006-03-25,59895,59987
2006-04-01,59987,60069
2006-04-08,60069,60164
2006-04-15,60164,60343
2006-04-29,60343,60426
2006-05-06,60426,60511
2006-05-13,60511,60605
2006-05-20,60605,60702
2006-05-27,60702,60788
2006-06-03,60788,60882
2006-06-10,60882,60982
2006-06-17,60982,61075
2006-06-24,61075,61159
2006-07-01,61159,61246
2006-07-08,61246,61337
2006-07-15,61337,61421
2006-07-22,61421,61508
2006-07-29,61508,61588
2006-08-05,61588,61669
2006-08-12,61669,61747
2006-08-19,61747,61830
2006-08-26,61830,61910
2006-09-02,61910,62084
2006-09-16,62084,62278
2006-09-30,62278,62359
2006-10-07,62359,62456
2006-10-14,62456,62546
2006-10-21,62546,62629
2006-10-28,62629,62800
2006-11-11,62800,62892
2006-11-18,62892,62992
2006-11-25,62992,63086
2006-12-02,63086,63280
2006-12-16,63280,63371
2006-12-23,63371,63469
2007-01-06,63469,63534
2007-01-13,63534,63613
2007-01-20,63613,63711
2007-01-27,63711,63804
2007-02-03,63804,63904
2007-02-10,63904,63998
2007-02-17,63998,64181
2007-03-03,64181,64372
2007-03-17,64372,64466
2007-03-24,64466,64554
2007-03-31,64554,64654
2007-04-07,64654,64748
2007-04-14,64748,64848
2007-04-21,64848,64941
2007-04-28,64941,65041
2007-05-05,65041,65141
2007-05-12,65141,65231
2007-05-19,65231,65331
2007-05-26,65331,65423
2007-06-02,65423,65523
2007-06-09,65523,65622
2007-06-16,65622,65722
2007-06-23,65722,65819
2007-06-30,65819,65919
2007-07-07,65919,66009
2007-07-14,66009,66099
2007-07-21,66099,66291
2007-07-28,66291,66384
2007-08-04,66384,66469
2007-08-18,66469,66557
2007-08-25,66557,66645
2007-09-01,66645,66729
2007-09-08,66729,66829
2007-09-15,66829,66929
2007-09-22,66929,67105
2007-10-06,67105,67195
2007-10-13,67195,67290
2007-10-20,67290,67390
2007-11-03,67390,67490
2007-11-10,67490,67589
2007-11-17,67589,67685
2007-11-24,67685,67785
2007-12-01,67785,67885
2007-12-08,67885,67985
2007-12-15,67985,68075
2007-12-22,68075,68165
2008-01-05,68165,68247
2008-01-12,68247,68337
2008-01-19,68337,68437
2008-01-26,68437,68532
2008-02-02,68532,68629
2008-02-09,68629,68727
2008-02-16,68727,68827
2008-02-23,68827,68917
2008-03-01,68917,69017
2008-03-08,69017,69117
2008-03-15,69117,69217
2008-03-22,69217,69300
2008-03-29,69300,69397
2008-04-05,69397,69495
2008-04-12,69495,69677
2008-04-26,69677,69772
2008-05-03,69772,69858
2008-05-10,69858,69941
2008-05-17,69941,70037
2008-05-24,70037,70126
2008-05-31,70126,70213
2008-06-07,70213,70293
2008-06-14,70293,70372
2008-06-21,70372,70466
2008-06-28,70466,70545
2008-07-05,70545,70710
2008-07-19,70710,70799
2008-07-26,70799,70884
2008-08-02,70884,70982
2008-08-09,70982,71063
2008-08-16,71063,71147
2008-08-23,71147,71230
2008-08-30,71230,71309
2008-09-06,71309,71409
2008-09-13,71409,71491
2008-09-20,71491,71582
2008-09-27,71582,71678
2008-10-04,71678,71775
2008-10-11,71775,71866
2008-10-18,71866,71947
2008-10-25,71947,72040
2008-11-01,72040,72125
2008-11-08,72125,72219
2008-11-15,72219,72311
2008-11-22,72311,72399
2008-11-29,72399,72580
2008-12-13,72580,72672
2008-12-20,72672,72830
2009-01-10,72830,72910
2009-01-17,72910,72991
2009-01-24,72991,73083
2009-01-31,73083,73164
2009-02-07,73164,73249
2009-02-14,73249,73339
2009-02-21,73339,73422
2009-02-28,73422,73519
2009-03-07,73519,73619
2009-03-14,73619,73717
2009-03-21,73717,73799
2009-03-28,73799,73887
2009-04-04,73887,73983
2009-04-11,73983,74066
2009-04-18,74066,74155
2009-04-25,74155,74239
2009-05-02,74239,74322
2009-05-09,74322,74408
2009-05-16,74408,74501
2009-05-23,74501,74674
2009-06-06,74674,74774
2009-06-13,74774,74870
2009-06-20,74870,74954
2009-06-27,74954,75050
2009-07-04,75050,75135
2009-07-11,75135,75227
2009-07-18,75227,75308
2009-07-25,75308,75402
2009-08-01,75402,75482
2009-08-08,75482,75561
2009-08-15,75561,75643
2009-08-22,75643,75805
2009-09-05,75805,75905
2009-09-12,75905,76004
2009-09-19,76004,76087
2009-09-26,76087,76179
2009-10-03,76179,76275
2009-10-10,76275,76364
2009-10-17,76364,76452
2009-10-24,76452,76549
2009-10-31,76549,76723
2009-11-14,76723,76823
2009-11-21,76823,76911
2009-11-28,76911,77007
2009-12-05,77007,77098
2009-12-12,77098,77280
2010-01-02,77280,77342
2010-01-09,77342,77429
2010-01-16,77429,77509
2010-01-23,77509,77591
2010-01-30,77591,77684
2010-02-06,77684,77853
2010-02-20,77853,77941
2010-02-27,77941,78041
2010-03-06,78041,78138
2010-03-13,78138,78237
2010-03-20,78237,78322
2010-03-27,78322,78404
2010-04-03,78404,78502
2010-04-10,78502,78601
2010-04-17,78601,78695
2010-04-24,78695,78779
2010-05-01,78779,78955
2010-05-15,78955,79054
2010-05-22,79054,79154
2010-05-29,79154,79239
2010-06-05,79239,79431
2010-06-19,79431,79615
2010-07-03,79615,79793
2010-07-10,79793,79888
2010-07-24,79888,79967
2010-07-31,79967,80048
2010-08-07,80048,80124
2010-08-14,80124,80205
2010-08-21,80205,80282
2010-08-28,80282,80363
2010-09-04,80363,80458
2010-09-11,80458,80553
2010-09-18,80553,80734
2010-09-25,80734,80820
2010-10-09,80820,80916
2010-10-16,80916,81004
2010-10-23,81004,81102
2010-10-30,81102,81187
2010-11-06,81187,81279
2010-11-13,81279,81364
2010-11-20,81364,81464
2010-11-27,81464,81550
2010-12-04,81550,81637
2010-12-11,81637,81737
2010-12-18,81737,81821
2011-01-01,81821,81886
2011-01-08,81886,81973
2011-01-15,81973,82059
2011-01-22,82059,82159
2011-01-29,82159,82245
2011-02-05,82245,82329
2011-02-12,82329,82419
2011-02-19,82419,82499
2011-02-26,82499,82692
2011-03-05,82692,82792
2011-03-19,82792,82881
2011-03-26,82881,82961
2011-04-02,82961,83042
2011-04-09,83042,83137
2011-04-16,83137,83221
2011-04-23,83221,83312
2011-04-30,83312,83394
2011-05-07,83394,83481
2011-05-14,83481,83578
2011-05-21,83578,83663
2011-05-28,83663,83758
2011-06-04,83758,83858
2011-06-11,83858,83947
2011-06-18,83947,84033
2011-06-25,84033,84125
2011-07-02,84125,84206
2011-07-09,84206,84298
2011-07-16,84298,84376
2011-07-23,84376,84454
2011-07-30,84454,84537
2011-08-06,84537,84614
2011-08-13,84614,84694
2011-08-20,84694,84772
2011-08-27,84772,84851
2011-09-03,84851,84945
2011-09-10,84945,85039
2011-09-17,85039,85225
2011-10-01,85225,85309
2011-10-08,85309,85399
2011-10-15,85399,85480
2011-10-22,85480,85568
2011-10-29,85568,85650
2011-11-05,85650,85731
2011-11-12,85731,85824
2011-11-19,85824,85907
2011-11-26,85907,85993
2011-12-03,85993,86090
2011-12-10,86090,86173
2011-12-17,86173,86243
2011-12-29,86243,86244
2011-12-31,86244,86305
2012-01-07,86305,86389
2012-01-14,86389,86468
2012-01-21,86468,86561
2012-01-28,86561,86642
2012-02-04,86642,86720
2012-02-11,86720,86809
2012-02-18,86809,86886
2012-02-25,86886,86979
2012-03-03,86979,87080
2012-03-10,87080,87248
2012-03-24,87248,87417
2012-04-07,87417,87493
2012-04-14,87493,87571
2012-04-21,87571,87659
2012-04-28,87659,87743
2012-05-05,87743,87825
2012-05-12,87825,87907
2012-05-19,87907,87997
2012-05-26,87997,88089
2012-06-02,88089,88189
2012-06-09,88189,88268
2012-06-16,88268,88362
2012-06-23,88362,88446
2012-06-30,88446,88628
2012-07-07,88628,88712
2012-07-21,88712,88790
2012-07-28,88790,88871
2012-08-04,88871,88942
2012-08-11,88942,89022
2012-08-18,89022,89097
2012-08-25,89097,89267
2012-09-01,89267,89343
2012-09-15,89343,89427
2012-09-22,89427,89507
2012-09-29,89507,89604
2012-10-06,89604,89697
2012-10-13,89697,89787
2012-10-20,89787,89871
2012-10-27,89871,90049
2012-11-10,90049,90133
2012-11-17,90133,90218
2012-11-24,90218,90307
2012-12-01,90307,90406
2012-12-08,90406,90483
2012-12-15,90483,90572
2012-12-22,90572,90711
2013-01-12,90711,90791
2013-01-19,90791,90963
2013-02-02,90963,91057
2013-02-09,91057,91141
2013-02-16,91141,91232
2013-02-23,91232,91313
2013-03-02,91313,91402
2013-03-09,91402,91497
2013-03-16,91497,91585
2013-03-23,91585,91666
2013-03-30,91666,91740
2013-04-06,91740,91831
2013-04-13,91831,91918
2013-04-20,91918,92008
2013-04-27,92008,92093
2013-05-04,92093,92169
2013-05-11,92169,92258
2013-05-18,92258,92343
2013-05-25,92343,92429
2013-06-01,92429,92520
2013-06-08,92520,92600
2013-06-15,92600,92691
2013-06-22,92691,92772
2013-06-29,92772,92855
2013-07-06,92855,92936
2013-07-13,92936,93021
2013-07-20,93021,93099
2013-07-27,93099,93182
2013-08-03,93182,93259
2013-08-10,93259,93336
2013-08-17,93336,93499
2013-08-31,93499,93578
2013-09-07,93578,93665
2013-09-14,93665,93757
2013-09-21,93757,93839
2013-09-28,93839,93929
2013-10-05,93929,94011
2013-10-12,94011,94101
2013-10-19,94101,94185
2013-10-26,94185,94278
2013-11-02,94278,94452
2013-11-16,94452,94531
2013-11-23,94531,94622
2013-11-30,94622,94721
2013-12-07,94721,94802
2013-12-14,94802,94883
2013-12-21,94883,94961
2014-01-04,94961,95028
2014-01-11,95028,95204
2014-01-25,95204,95287
2014-02-01,95287,95374
2014-02-08,95374,95459
2014-02-15,95459,95538
2014-02-22,95538,95629
2014-03-01,95629,95721
2014-03-08,95721,95813
2014-03-15,95813,95891
2014-03-22,95891,96058
2014-04-05,96058,96142
2014-04-12,96142,96228
2014-04-19,96228,96324
2014-04-26,96324,96406
2014-05-03,96406,96579
2014-05-17,96579,96670
2014-05-24,96670,96849
2014-06-05,96849,96944
2014-06-14,96944,97026
2014-06-21,97026,97107
2014-06-28,97107,97193
2014-07-05,97193,97272
2014-07-12,97272,97352
2014-07-19,97352,97438
2014-07-26,97438,97511
2014-08-02,97511,97586
2014-08-09,97586,97742
2014-08-23,97742,97826
2014-08-30,97826,97900
2014-09-06,97900,97984
2014-09-13,97984,98073
2014-09-20,98073,98162
2014-09-27,98162,98243
2014-10-04,98243,98332
2014-10-11,98332,98415
2014-10-18,98415,98492
2014-10-25,98492,98571
2014-11-01,98571,98658
2014-11-08,98658,98742
2014-11-15,98742,98841
2014-11-22,98841,98929
2014-11-29,98929,99010
2014-12-06,99010,99105
2014-12-13,99105,99198
2014-12-20,99198,99278
2015-01-03,99278,99341
2015-01-10,99341,99511
2015-01-24,99511,99595
2015-01-31,99595,99766
2015-02-14,99766,99846
2015-02-21,99846,99927
2015-02-28,99927,100012
2015-03-07,100012,100102
2015-03-14,100102,100197
2015-03-21,100197,100277
2015-03-28,100277,100371
2015-04-04,100371,100449
2015-04-11,100449,100541
2015-04-18,100541,100632
2015-04-25,100632,100795
2015-05-09,100795,100879
2015-05-16,100879,100962
2015-05-23,100962,101057
2015-05-30,101057,101147
2015-06-06,101147,101308
2015-06-13,101308,101309
2015-06-20,101309,101401
2015-06-27,101401,101559
2015-07-11,101559,101637
2015-07-18,101637,101716
2015-07-25,101716,101790
2015-08-01,101790,101875
2015-08-08,101875,101954
2015-08-15,101954,102042
2015-08-22,102042,102113
2015-08-29,102113,102186
2015-09-05,102186,102356
2015-09-12,102356,102435
2015-09-26,102435,102506
2015-10-03,102506,102595
2015-10-10,102595,102672
2015-10-17,102672,102758
2015-10-24,102758,102841
2015-10-31,102841,102922
2015-11-07,102922,103002
2015-11-14,103002,103080
2015-11-21,103080,103159
2015-11-28,103159,103240
2015-12-05,103240,103323
2015-12-12,103323,103403
2015-12-19,103403,103465
2016-01-02,103465,103522
2016-01-09,103522,103675
2016-01-23,103675,103765
2016-01-30,103765,103846
2016-02-06,103846,104018
2016-02-20,104018,104106
2016-03-05,104106,104175
2016-03-12,104175,104261
2016-03-19,104261,104341
2016-03-26,104341,104425
2016-04-02,104425,104499
2016-04-09,104499,104575
2016-04-16,104575,104667
2016-04-23,104667,104745
2016-04-30,104745,104825
2016-05-07,104825,104911
2016-05-14,104911,105001
2016-05-21,105001,105167
2016-06-04,105167,105245
2016-06-11,105245,105333
2016-06-18,105333,105414
2016-06-25,105414,105499
2016-07-02,105499,105571
2016-07-09,105571,105649
2016-07-16,105649,105730
2016-07-23,105730,105876
2016-08-06,105876,105948
2016-08-13,105948,106022
2016-08-20,106022,106097
2016-08-27,106097,106175
2016-09-03,106175,106247
2016-09-10,106247,106321
2016-09-17,106321,106410
2016-09-24,106410,106489
2016-10-01,106489,106566
2016-10-08,106566,106642
2016-10-15,106642,106804
2016-10-29,106804,106886
2016-11-05,106886,106966
2016-11-12,106966,107053
2016-11-19,107053,107131
2016-11-26,107131,107219
2016-12-03,107219,107298
2016-12-10,107298,107370
2016-12-17,107370,107451
2016-12-24,107451,107521
2017-01-07,107521,107595
2017-01-14,107595,107676
2017-01-21,107676,107755
2017-01-28,107755,107836
2017-02-04,107836,107914
2017-02-11,107914,107996
2017-02-18,107996,108081
2017-02-25,108081,108156
2017-03-04,108156,108235
2017-03-11,108235,108324
2017-03-18,108324,108488
2017-04-01,108488,108562
2017-04-08,108562,108646
2017-04-15,108646,108726
2017-04-22,108726,108810
2017-04-29,108810,108889
2017-05-06,108889,108979
2017-05-13,108979,109057
2017-05-20,109057,109144
2017-05-27,109144,109221
2017-06-03,109221,109300
2017-06-10,109300,109389
2017-06-17,109389,109466
2017-06-24,109466,109545
2017-07-01,109545,109629
2017-07-08,109629,109709
2017-07-15,109709,109791
2017-07-22,109791,109868
2017-07-29,109868,109939
2017-08-05,109939,110081
2017-08-12,110081,110159
2017-08-19,110159,110233
2017-08-26,110233,110307
2017-09-09,110307,110390
2017-09-16,110390,110479
2017-09-23,110479,110557
2017-09-30,110557,110643
2017-10-07,110643,110732
2017-10-14,110732,110812
2017-10-21,110812,110893
2017-10-28,110893,110979
2017-11-04,110979,111058
2017-11-11,111058,111147
2017-11-18,111147,111224
2017-11-25,111224,111315
2017-12-02,111315,111395
2017-12-09,111395,111473
2017-12-16,111473,111549
2017-12-23,111549,111619
2018-01-06,111619,111686
2018-01-13,111686,111761
2018-01-20,111761,111833
2018-01-27,111833,111913
2018-02-03,111913,111987
2018-02-10,111987,112064
2018-02-17,112064,112136
2018-02-24,112136,112208
2018-03-03,112208,112283
2018-03-10,112283,112365
2018-03-17,112365,112446
2018-03-24,112446,112521
2018-03-31,112521,112673
2018-04-14,112673,112755
2018-04-21,112755,112831
2018-04-28,112831,112913
2018-05-05,112913,112995
2018-05-12,112995,113070
2018-05-19,113070,113150
2018-05-26,113150,113227
2018-06-02,113227,113306
2018-06-09,113306,113376
2018-06-16,113376,113450
2018-06-23,113450,113532
2018-06-30,113532,113610
2018-07-07,113610,113696
2018-07-14,113696,113765
2018-07-21,113765,113833
2018-07-28,113833,113910
2018-08-04,113910,113977
2018-08-11,113977,114048
2018-08-18,114048,114119
2018-08-25,114119,114185
2018-09-01,114185,114261
2018-09-08,114261,114332
2018-09-15,114332,114406
2018-09-22,114406,114484
2018-09-29,114484,114564
2018-10-06,114564,114639
2018-10-13,114639,114718
2018-10-20,114718,114794
2018-10-27,114794,114879
2018-11-03,114879,114959
2018-11-10,114959,115114
2018-11-24,115114,115184
2018-12-01,115184,115267
2018-12-08,115267,115337
2018-12-15,115337,115411
2018-12-22,115411,115478
2019-01-05,115478,115608
2019-01-19,115608,115678
2019-01-26,115678,115753
2019-02-02,115753,115827
2019-02-09,115827,115901
2019-02-16,115901,115982
2019-02-23,115982,116055
2019-03-02,116055,116203
2019-03-16,116203,116287
2019-03-23,116287,116356
2019-03-30,116356,116429
2019-04-06,116429,116507
2019-04-13,116507,116586
2019-04-20,116586,116657
2019-04-27,116657,116738
2019-05-04,116738,116817
2019-05-11,116817,116892
2019-05-18,116892,116974
2019-05-25,116974,117050
2019-06-01,117050,117127
2019-06-08,117127,117202
2019-06-15,117202,117279
2019-06-22,117279,117362
2019-06-29,117362,117439
2019-07-06,117439,117522
2019-07-13,117522,117595
2019-07-20,117595,117663
2019-07-27,117663,117807
2019-08-10,117807,117878
2019-08-17,117878,117944
2019-08-24,117944,118010
2019-08-31,118010,118080
2019-09-07,118080,118145
2019-09-14,118145,118225
2019-09-21,118225,118289
2019-09-28,118289,118370
2019-10-05,118370,118447
2019-10-12,118447,118525
2019-10-19,118525,118595
2019-10-26,118595,118675
2019-11-02,118675,118743
2019-11-09,118743,118814
2019-11-16,118814,118892
2019-11-23,118892,118965
2019-11-30,118965,119039
2019-12-07,119039,119117
2019-12-14,119117,119188
2019-12-21,119188,119257
2020-01-04,119257,119316
2020-01-11,119316,119387
2020-01-18,119387,119467
2020-01-21,119467,119480
2020-01-25,119480,119553
2020-02-01,119553,119625
2020-02-08,119625,119701
2020-02-15,119701,119772
2020-02-22,119772,119853
2020-02-29,119853,119927
2020-03-07,119927,120069
2020-03-14,120069,120137
2020-03-21,120137,120213
2020-03-28,120213,120286
2020-04-11,120286,120436
2020-04-18,120436,120507
2020-05-02,120507,120582
2020-05-09,120582,120669
2020-05-16,120669,120739
2020-05-23,120739,120811
2020-05-30,120811,120884
2020-06-06,120884,120955
2020-06-13,120955,121030
2020-06-20,121030,121107
2020-06-27,121107,121180
2020-07-04,121180,121262
2020-07-11,121262,121330
2020-07-18,121330,121399
2020-07-25,121399,121471
2020-08-01,121471,121536
2020-08-08,121536,121605
2020-08-15,121605,121674
2020-08-22,121674,121815
2020-09-05,121815,121884
2020-09-12,121884,121954
2020-09-19,121954,122034
2020-09-26,122034,122101
2020-10-03,122101,122177
2020-10-10,122177,122255
2020-10-17,122255,122324
2020-10-24,122324,122393
2020-10-31,122393,122458
2020-11-07,122458,122520
2020-11-14,122520,122595
2020-11-28,122595,122666
2020-12-05,122666,122734
2020-12-12,122734,122806
2020-12-19,122806,122875
2021-01-02,122875,122930
